EFH,MFH
0.530562482682183,0.469437517317817
