category,probability
14,-1000
40,0.05033288
60,0.17474197
80,0.23528319
100,0.17262888
120,0.12358339
140,0.10746498
160,0.06143003
180,0.02869489
200,0.01763473
220,0.02820509
